"type","value","source"
"hash_md5","c3195c28d4b4d5af009e930403db63c2","Mandiant"
"hash_md5","9c698bc65874403e5061a07a1a555c30","Mandiant"
"hash_md5","6e4e53afc897f82460b6d5421ee96a66","Mandiant"
"hash_md5","617271842f89878c21cc4662ad0629cf","Mandiant"
"hash_md5","22db4283c154d4a80dc85efca9940e01","Mandiant"
"url","https://betterwordsonline.xyz/category/archltectura1/featur3s-end-spases.jpg","Mandiant"
"domain","betterwordsonline.xyz","Mandiant"
"hash_md5","2fa59a01ad1a2c66be3039153231c272","Mandiant"
"hash_md5","1d2785dfd335a7a409e9db582f085d53","Mandiant"
"hash_md5","63cf34972405ca55d012b2637dae6143","Mandiant"
"domain","rustyquill.top","Mandiant"
"url","https://rustyquill.top/shw/the-magnus-protoco1.jpg","Mandiant"
"hash_md5","fff8e39b04ddd18a5eeb422e8c354ee3","Mandiant"
"hash_md5","9e2413cdd70d7b6e54753eae986c9b55","Mandiant"
"url","https://darkskysociety.top/regulations/goodlights","Mandiant"
"domain","darkskysociety.top","Mandiant"
"hash_md5","b6343a9e6c66c0aa67f4df248df8c109","Mandiant"
"url","https://mocki.io/v1/32f16c80-602a-4c80-80af-32a9b8220a6b","Mandiant"
"url","https://github.com/lukobogdan47/empty-array-validator","Mandiant"
"url","https://github.com/lukobogdan47/","Mandiant"
"url","https://github.com/austin-a3/twitterapis","Mandiant"
"url","https://github.com/austin-a3/","Mandiant"
"ip","86.104.72.247","Mandiant"
"ip","45.8.146.93","Mandiant"
"ip","45.61.151.71","Mandiant"
"hash_md5","3aed5502118eb9b8c9f8a779d4b09e11","Mandiant"
"ip","191.96.31.38","Mandiant"
"ip","185.153.182.241","Mandiant"
"ip","144.172.87.27","Mandiant"
"ip","103.35.190.170","Mandiant"
"url","https://bitbucket.org/events-utils/launch-events-utils/src/master/","Mandiant"
"url","https://86.104.72.247/proxy/Proxy.php","Mandiant"
"url","https://45.8.146.93/proxy/Proxy.php","Mandiant"
"url","http://86.104.72.247/Proxy.php","Mandiant"
"url","http://103.35.190.170/Proxy.php","Mandiant"
"hash_md5","94ef379e332f3a120ab16154a7ee7a00","Mandiant"
"ip","135.181.242.24","Mandiant"
"hash_md5","b29ddcc9affdd56a520f23a61b670134","Mandiant"
"hash_md5","84d25292717671610c936bca7f0626f5","Mandiant"
"ip","91.238.181.96","Mandiant"
"ip","66.44.30.138","Mandiant"
"ip","39.98.199.88","Mandiant"
"ip","195.24.207.223","Mandiant"
"ip","115.231.78.3","Mandiant"
"ip","89.250.67.117","Mandiant"
"ip","88.214.25.125","Mandiant"
"ip","88.214.25.123","Mandiant"
"ip","88.214.25.121","Mandiant"
"ip","77.91.100.66","Mandiant"
"ip","69.87.207.136","Mandiant"
"ip","69.87.207.133","Mandiant"
"ip","68.69.185.146","Mandiant"
"ip","64.226.83.235","Mandiant"
"ip","51.77.153.15","Mandiant"
"ip","51.178.25.97","Mandiant"
"ip","45.227.254.155","Mandiant"
"ip","43.248.133.168","Mandiant"
"ip","42.112.20.235","Mandiant"
"ip","202.46.155.230","Mandiant"
"ip","194.165.16.166","Mandiant"
"ip","194.165.16.163","Mandiant"
"ip","192.42.116.187","Mandiant"
"ip","189.113.8.254","Mandiant"
"ip","188.165.253.193","Mandiant"
"ip","185.186.84.13","Mandiant"
"ip","178.128.253.94","Mandiant"
"ip","177.72.195.114","Mandiant"
"ip","177.23.200.14","Mandiant"
"ip","167.114.157.16","Mandiant"
"ip","165.227.238.235","Mandiant"
"ip","157.230.236.62","Mandiant"
"ip","146.71.50.196","Mandiant"
"ip","144.126.133.247","Mandiant"
"ip","134.209.26.3","Mandiant"
"ip","117.190.128.247","Mandiant"
"ip","115.231.78.11","Mandiant"
"ip","115.231.78.10","Mandiant"
"ip","111.170.22.8","Mandiant"
"ip","104.221.226.31","Mandiant"
"ip","104.195.12.43","Mandiant"
"ip","104.195.12.42","Mandiant"
"ip","104.195.12.41","Mandiant"
"ip","104.195.12.40","Mandiant"
"ip","104.195.12.39","Mandiant"
"ip","104.195.12.36","Mandiant"
"ip","104.195.12.35","Mandiant"
"ip","103.211.103.171","Mandiant"
"ip","103.174.9.66","Mandiant"
"ip","102.215.32.24","Mandiant"
"ip","183.91.87.85","Mandiant"
"ip","152.32.157.92","Mandiant"
"ip","146.71.50.198","Mandiant"
"ip","137.184.226.118","Mandiant"
"ip","60.178.183.251","Mandiant"
"ip","60.13.138.36","Mandiant"
"ip","47.83.143.36","Mandiant"
"ip","45.249.246.17","Mandiant"
"ip","45.232.73.223","Mandiant"
"ip","45.178.249.135","Mandiant"
"ip","45.135.162.116","Mandiant"
"ip","43.248.108.165","Mandiant"
"ip","42.63.225.180","Mandiant"
"ip","42.242.210.124","Mandiant"
"ip","207.180.251.227","Mandiant"
"ip","205.185.117.108","Mandiant"
"ip","188.93.237.19","Mandiant"
"ip","187.188.191.240","Mandiant"
"ip","187.104.6.82","Mandiant"
"ip","180.136.235.130","Mandiant"
"ip","165.154.172.87","Mandiant"
"ip","165.154.128.199","Mandiant"
"ip","165.154.120.223","Mandiant"
"ip","165.154.118.26","Mandiant"
"ip","124.31.105.245","Mandiant"
"ip","122.96.28.221","Mandiant"
"ip","113.120.56.223","Mandiant"
"ip","107.189.29.88","Mandiant"
"ip","103.225.124.197","Mandiant"
